{
  "n": 100,
  "seed": 42,
  "models": {
    "gpt-4.1-2025-04-14": {
      "spider_dev": {
        "mean_token_f1": 0.22054542679542677,
        "exact_rate": 0.0,
        "n_scored": 100
      },
      "acuity": {
        "mean_token_f1": 0.12068509456373233,
        "exact_rate": 0.0,
        "n_scored": 100
      }
    },
    "gemini-2.5-flash": {
      "spider_dev": {
        "mean_token_f1": 0.24663483326099425,
        "exact_rate": 0.02,
        "n_scored": 100
      },
      "acuity": {
        "mean_token_f1": 0.12093828935605756,
        "exact_rate": 0.0,
        "n_scored": 100
      }
    }
  }
}