{
 "n_paired": 1471,
 "n_certified": 1370,
 "per_model": {
  "claude-haiku-4-5-20251001": {
   "certified": {
    "canonical": 0.9846715328467154,
    "natural": 0.8832116788321168,
    "gap_pts": 10.145985401459857
   },
   "full_paired": {
    "canonical": 0.9775662814411965,
    "natural": 0.822569680489463,
    "gap_pts": 15.49966009517335
   }
  },
  "claude-sonnet-4-5-20250929": {
   "certified": {
    "canonical": 0.9919708029197081,
    "natural": 0.9576642335766423,
    "gap_pts": 3.430656934306575
   },
   "full_paired": {
    "canonical": 0.9877634262406526,
    "natural": 0.8919102651257648,
    "gap_pts": 9.585316111488783
   }
  },
  "gemini-2.5-flash": {
   "certified": {
    "canonical": 0.9919708029197081,
    "natural": 0.9021897810218978,
    "gap_pts": 8.978102189781023
   },
   "full_paired": {
    "canonical": 0.9884432358939497,
    "natural": 0.840244731475187,
    "gap_pts": 14.81985044187627
   }
  },
  "gpt-4.1-2025-04-14": {
   "certified": {
    "canonical": 0.9875912408759124,
    "natural": 0.9014598540145985,
    "gap_pts": 8.613138686131395
   },
   "full_paired": {
    "canonical": 0.9850441876274643,
    "natural": 0.8395649218218899,
    "gap_pts": 14.547926580557435
   }
  },
  "gpt-4.1-mini": {
   "certified": {
    "canonical": 0.9890510948905109,
    "natural": 0.8883211678832117,
    "gap_pts": 10.072992700729921
   },
   "full_paired": {
    "canonical": 0.9836845683208701,
    "natural": 0.8273283480625425,
    "gap_pts": 15.635622025832763
   }
  }
 }
}