{
 "n_paired": 91,
 "rewriter": "anthropic:claude-sonnet-4-5-20250929",
 "per_model": {
  "claude-haiku-4-5-20251001": {
   "canonical": 1.0,
   "rewritten": 0.6483516483516484,
   "natural": 0.6483516483516484
  },
  "claude-sonnet-4-5-20250929": {
   "canonical": 1.0,
   "rewritten": 0.6813186813186813,
   "natural": 0.7142857142857143
  },
  "gemini-2.5-flash": {
   "canonical": 1.0,
   "rewritten": 0.6703296703296703,
   "natural": 0.7032967032967034
  },
  "gpt-4.1-2025-04-14": {
   "canonical": 1.0,
   "rewritten": 0.6483516483516484,
   "natural": 0.6483516483516484
  },
  "gpt-4.1-mini": {
   "canonical": 1.0,
   "rewritten": 0.6263736263736264,
   "natural": 0.6373626373626373
  },
  "gpt-4o-mini": {
   "canonical": 1.0,
   "rewritten": 0.6043956043956044,
   "natural": 0.5714285714285714
  }
 }
}