{
 "models": {
  "omnisql-7b": {
   "natural_full": 0.7636927851047324,
   "canonical_full": 0.9811193526635199,
   "gap_full_pts": 21.742656755878752,
   "natural_paired": 0.7893238434163701,
   "canonical_paired": 0.9807829181494662,
   "gap_paired_pts": 19.14590747330961,
   "n_natural": 6445,
   "n_canonical": 1483
  },
  "qwencoder-7b": {
   "natural_full": 0.7535321821036107,
   "canonical_full": 0.9705093833780161,
   "gap_full_pts": 21.697720127440533,
   "natural_paired": 0.7644128113879004,
   "canonical_paired": 0.9708185053380783,
   "gap_paired_pts": 20.640569395017792,
   "n_natural": 6370,
   "n_canonical": 1492
  }
 },
 "n_paired_dualform": 1405,
 "finetune_gain_by_tier": {
  "H": {
   "n": 1257,
   "base": 0.5902943516308672,
   "finetuned": 0.5934765314240255,
   "gain_pts": 0.31821797931582685
  },
  "M": {
   "n": 2233,
   "base": 0.716077026421854,
   "finetuned": 0.7393640841916704,
   "gain_pts": 2.3287057769816433
  },
  "E": {
   "n": 2742,
   "base": 0.8617797228300511,
   "finetuned": 0.8774617067833698,
   "gain_pts": 1.5681983953318657
  }
 },
 "finetune_gain_by_join": {
  "1p": {
   "n": 2174,
   "base": 0.7562097516099356,
   "finetuned": 0.7681692732290708,
   "gain_pts": 1.195952161913516
  },
  "2i": {
   "n": 569,
   "base": 0.6608084358523726,
   "finetuned": 0.6889279437609842,
   "gain_pts": 2.811950790861162
  },
  "2p": {
   "n": 1060,
   "base": 0.7132075471698113,
   "finetuned": 0.7283018867924528,
   "gain_pts": 1.5094339622641506
  },
  "0": {
   "n": 1938,
   "base": 0.8297213622291022,
   "finetuned": 0.846233230134159,
   "gain_pts": 1.6511867905056765
  },
  "4i": {
   "n": 122,
   "base": 0.7295081967213115,
   "finetuned": 0.680327868852459,
   "gain_pts": -4.918032786885251
  },
  "3i": {
   "n": 255,
   "base": 0.615686274509804,
   "finetuned": 0.7058823529411765,
   "gain_pts": 9.019607843137257
  },
  "3p": {
   "n": 114,
   "base": 0.6491228070175439,
   "finetuned": 0.5789473684210527,
   "gain_pts": -7.017543859649122
  }
 }
}