{
 "n_per_replicate": 1758,
 "replicates": 20,
 "demands": {
  "0E": 1043,
  "1pE": 482,
  "2pE": 172,
  "2iE": 26,
  "3pE": 12,
  "1pM": 9,
  "0M": 7,
  "3iE": 3,
  "3pM": 2,
  "2iM": 1,
  "2pM": 1
 },
 "pools": {
  "matched4": {
   "spread_mean": 0.011083930440023643,
   "spread_range": [
    0.009166565625417133,
    0.012911899275103727
   ],
   "ceiling_mean": 0.75,
   "sep_mean": 0.5166666666666667,
   "sep_range": [
    0.3333333333333333,
    0.8333333333333334
   ],
   "acc_range_mean": [
    0.8931456200227531,
    0.9213879408418657
   ]
  },
  "six": {
   "spread_mean": 0.0146507990532249,
   "spread_range": [
    0.013398356520907392,
    0.01579942479303634
   ],
   "ceiling_mean": 0.8333333333333334,
   "sep_mean": 0.6566666666666666,
   "sep_range": [
    0.6,
    0.8
   ],
   "acc_range_mean": [
    0.8931456200227531,
    0.9410125142207054
   ]
  }
 }
}