{
 "0|1": {
  "acc": 0.9587945879458795,
  "n": 542
 },
 "0|2": {
  "acc": 0.9236947791164659,
  "n": 498
 },
 "0|3": {
  "acc": 0.8677536231884058,
  "n": 368
 },
 "0|4": {
  "acc": 0.8260135135135135,
  "n": 296
 },
 "0|5": {
  "acc": 0.8175287356321839,
  "n": 116
 },
 "0|6": {
  "acc": 0.8090614886731392,
  "n": 103
 },
 "0|7": {
  "acc": 0.8082191780821918,
  "n": 73
 },
 "1p|1": {
  "acc": 0.9226319595083152,
  "n": 461
 },
 "1p|2": {
  "acc": 0.8553191489361702,
  "n": 470
 },
 "1p|3": {
  "acc": 0.8141414141414142,
  "n": 330
 },
 "1p|4": {
  "acc": 0.7991606714628298,
  "n": 278
 },
 "1p|5": {
  "acc": 0.7657894736842106,
  "n": 190
 },
 "1p|6": {
  "acc": 0.7266922094508301,
  "n": 261
 },
 "1p|7": {
  "acc": 0.7207207207207207,
  "n": 259
 },
 "2p|1": {
  "acc": 0.9083769633507853,
  "n": 191
 },
 "2p|2": {
  "acc": 0.9108333333333334,
  "n": 200
 },
 "2p|3": {
  "acc": 0.8438697318007663,
  "n": 174
 },
 "2p|4": {
  "acc": 0.7217125382262997,
  "n": 109
 },
 "2p|5": {
  "acc": 0.7403846153846154,
  "n": 104
 },
 "2p|6": {
  "acc": 0.6691729323308271,
  "n": 133
 },
 "2p|7": {
  "acc": 0.5493827160493827,
  "n": 189
 },
 "3p|1": {
  "acc": 0.7564102564102564,
  "n": 13
 },
 "3p|2": {
  "acc": 0.8560606060606061,
  "n": 22
 },
 "3p|3": {
  "acc": 0.717948717948718,
  "n": 13
 },
 "3p|4": {
  "acc": 0.6759259259259259,
  "n": 18
 },
 "3p|5": {
  "acc": 0.5238095238095238,
  "n": 7
 },
 "3p|6": {
  "acc": 0.6388888888888888,
  "n": 12
 },
 "3p|7": {
  "acc": 0.47368421052631576,
  "n": 19
 },
 "2i|1": {
  "acc": 0.908256880733945,
  "n": 109
 },
 "2i|2": {
  "acc": 0.8644986449864499,
  "n": 123
 },
 "2i|3": {
  "acc": 0.8240740740740741,
  "n": 90
 },
 "2i|4": {
  "acc": 0.6503267973856209,
  "n": 51
 },
 "2i|5": {
  "acc": 0.6948356807511737,
  "n": 71
 },
 "2i|6": {
  "acc": 0.65,
  "n": 70
 },
 "2i|7": {
  "acc": 0.6196078431372549,
  "n": 85
 },
 "3i|1": {
  "acc": 0.8653846153846154,
  "n": 52
 },
 "3i|2": {
  "acc": 0.8108974358974359,
  "n": 52
 },
 "3i|3": {
  "acc": 0.8015873015873016,
  "n": 42
 },
 "3i|4": {
  "acc": 0.6533333333333333,
  "n": 25
 },
 "3i|5": {
  "acc": 0.6612903225806451,
  "n": 31
 },
 "3i|6": {
  "acc": 0.5092592592592593,
  "n": 36
 },
 "3i|7": {
  "acc": 0.5232558139534884,
  "n": 43
 },
 "4i|1": {
  "acc": 0.8181818181818182,
  "n": 22
 },
 "4i|2": {
  "acc": 0.9012345679012346,
  "n": 27
 },
 "4i|3": {
  "acc": 0.875,
  "n": 16
 },
 "4i|4": {
  "acc": 0.6222222222222222,
  "n": 15
 },
 "4i|5": {
  "acc": 0.625,
  "n": 16
 },
 "4i|6": {
  "acc": 0.4358974358974359,
  "n": 13
 },
 "4i|7": {
  "acc": 0.5869565217391305,
  "n": 23
 }
}