{
 "0|1": {
  "acc": 0.9495305164319249,
  "n": 284
 },
 "0|2": {
  "acc": 0.8717948717948718,
  "n": 403
 },
 "0|3": {
  "acc": 0.7918739635157546,
  "n": 201
 },
 "0|4": {
  "acc": 0.7666666666666667,
  "n": 100
 },
 "0|5": {
  "acc": 0.658974358974359,
  "n": 65
 },
 "0|6": {
  "acc": 0.717741935483871,
  "n": 62
 },
 "0|7": {
  "acc": 0.6807511737089202,
  "n": 71
 },
 "1p|1": {
  "acc": 0.8686440677966102,
  "n": 118
 },
 "1p|2": {
  "acc": 0.894134477825465,
  "n": 233
 },
 "1p|3": {
  "acc": 0.714859437751004,
  "n": 83
 },
 "1p|4": {
  "acc": 0.7838827838827839,
  "n": 91
 },
 "1p|5": {
  "acc": 0.6121794871794872,
  "n": 52
 },
 "1p|6": {
  "acc": 0.6887254901960784,
  "n": 68
 },
 "1p|7": {
  "acc": 0.5336538461538461,
  "n": 104
 },
 "2p|1": {
  "acc": 0.9119496855345912,
  "n": 53
 },
 "2p|2": {
  "acc": 0.7598039215686274,
  "n": 68
 },
 "2p|3": {
  "acc": 0.6620370370370371,
  "n": 36
 },
 "2p|4": {
  "acc": 0.5487804878048781,
  "n": 41
 },
 "2p|5": {
  "acc": 0.5555555555555556,
  "n": 36
 },
 "2p|6": {
  "acc": 0.49107142857142855,
  "n": 56
 },
 "2p|7": {
  "acc": 0.4962962962962963,
  "n": 45
 },
 "3p|1": {
  "acc": 0.5,
  "n": 5
 },
 "3p|2": {
  "acc": 0.9861111111111112,
  "n": 12
 },
 "3p|3": {
  "acc": 0.9444444444444444,
  "n": 3
 },
 "3p|4": {
  "acc": 0.6666666666666666,
  "n": 6
 },
 "3p|5": {
  "acc": 0.5,
  "n": 5
 },
 "3p|6": {
  "acc": 0.25,
  "n": 4
 },
 "3p|7": {
  "acc": 0.6041666666666666,
  "n": 8
 },
 "2i|1": {
  "acc": 0.9183673469387755,
  "n": 49
 },
 "2i|2": {
  "acc": 0.908675799086758,
  "n": 73
 },
 "2i|3": {
  "acc": 0.6162790697674418,
  "n": 43
 },
 "2i|4": {
  "acc": 0.7342342342342343,
  "n": 37
 },
 "2i|5": {
  "acc": 0.7412280701754386,
  "n": 38
 },
 "2i|6": {
  "acc": 0.5857142857142857,
  "n": 35
 },
 "2i|7": {
  "acc": 0.5505050505050505,
  "n": 66
 },
 "3i|1": {
  "acc": 0.9666666666666667,
  "n": 20
 },
 "3i|2": {
  "acc": 0.9166666666666666,
  "n": 22
 },
 "3i|3": {
  "acc": 0.9210526315789473,
  "n": 19
 },
 "3i|4": {
  "acc": 0.8111111111111111,
  "n": 15
 },
 "3i|5": {
  "acc": 0.7857142857142857,
  "n": 7
 },
 "3i|6": {
  "acc": 0.625,
  "n": 12
 },
 "3i|7": {
  "acc": 0.5144927536231884,
  "n": 23
 },
 "4i|1": {
  "acc": 1.0,
  "n": 8
 },
 "4i|2": {
  "acc": 0.9705882352941176,
  "n": 17
 },
 "4i|3": {
  "acc": 0.8888888888888888,
  "n": 9
 },
 "4i|4": {
  "acc": 0.8571428571428571,
  "n": 7
 },
 "4i|5": {
  "acc": 0.8571428571428571,
  "n": 7
 },
 "4i|6": {
  "acc": 0.5277777777777778,
  "n": 6
 },
 "4i|7": {
  "acc": 0.6770833333333334,
  "n": 16
 }
}