{
 "0|1": {
  "acc": 1.0,
  "n": 8
 },
 "0|2": {
  "acc": 0.8991228070175439,
  "n": 38
 },
 "0|3": {
  "acc": 0.8444444444444444,
  "n": 15
 },
 "0|4": {
  "acc": 0.6979166666666666,
  "n": 16
 },
 "0|5": {
  "acc": 0.9215686274509803,
  "n": 17
 },
 "0|6": {
  "acc": 0.7619047619047619,
  "n": 14
 },
 "0|7": {
  "acc": 0.7626262626262627,
  "n": 33
 },
 "1p|1": {
  "acc": 1.0,
  "n": 8
 },
 "1p|2": {
  "acc": 0.7222222222222222,
  "n": 15
 },
 "1p|3": {
  "acc": 0.8888888888888888,
  "n": 6
 },
 "1p|4": {
  "acc": 0.6296296296296297,
  "n": 9
 },
 "1p|5": {
  "acc": 0.5,
  "n": 10
 },
 "1p|6": {
  "acc": 0.5714285714285714,
  "n": 7
 },
 "1p|7": {
  "acc": 0.4444444444444444,
  "n": 15
 },
 "2p|1": {
  "acc": 0.6904761904761905,
  "n": 7
 },
 "2p|2": {
  "acc": 0.4791666666666667,
  "n": 16
 },
 "2p|3": {
  "acc": 0.11904761904761904,
  "n": 7
 },
 "2p|4": {
  "acc": 0.25,
  "n": 8
 },
 "2p|5": {
  "acc": 0.047619047619047616,
  "n": 7
 },
 "2p|6": {
  "acc": 0.0,
  "n": 1
 },
 "2p|7": {
  "acc": 0.017543859649122806,
  "n": 19
 },
 "3p|1": {
  "acc": 0.875,
  "n": 4
 },
 "3p|2": {
  "acc": 0.4803921568627451,
  "n": 17
 },
 "3p|3": {
  "acc": 0.1,
  "n": 5
 },
 "3p|4": {
  "acc": 0.2916666666666667,
  "n": 4
 },
 "3p|5": {
  "acc": 0.23958333333333334,
  "n": 16
 },
 "3p|6": {
  "acc": 0.041666666666666664,
  "n": 4
 },
 "3p|7": {
  "acc": 0.049019607843137254,
  "n": 17
 },
 "2i|1": {
  "acc": 0.9666666666666667,
  "n": 5
 },
 "2i|2": {
  "acc": 0.9210526315789473,
  "n": 19
 },
 "2i|3": {
  "acc": 0.8666666666666667,
  "n": 5
 },
 "2i|4": {
  "acc": 0.7333333333333333,
  "n": 10
 },
 "2i|5": {
  "acc": 0.4375,
  "n": 8
 },
 "2i|6": {
  "acc": 0.20833333333333334,
  "n": 8
 },
 "2i|7": {
  "acc": 0.08888888888888889,
  "n": 15
 },
 "3i|1": {
  "acc": 1.0,
  "n": 5
 },
 "3i|2": {
  "acc": 0.868421052631579,
  "n": 19
 },
 "3i|3": {
  "acc": 0.6388888888888888,
  "n": 6
 },
 "3i|4": {
  "acc": 0.21428571428571427,
  "n": 7
 },
 "3i|5": {
  "acc": 0.1111111111111111,
  "n": 9
 },
 "3i|6": {
  "acc": 0.12962962962962962,
  "n": 9
 },
 "3i|7": {
  "acc": 0.19047619047619047,
  "n": 14
 }
}