{
 "0|1": {
  "acc": 0.9761904761904762,
  "n": 14
 },
 "0|2": {
  "acc": 0.9146341463414634,
  "n": 41
 },
 "0|3": {
  "acc": 0.5888888888888889,
  "n": 15
 },
 "0|4": {
  "acc": 0.6666666666666666,
  "n": 20
 },
 "0|5": {
  "acc": 0.5877192982456141,
  "n": 19
 },
 "0|6": {
  "acc": 0.5760869565217391,
  "n": 46
 },
 "0|7": {
  "acc": 0.5416666666666666,
  "n": 8
 },
 "1p|1": {
  "acc": 0.8571428571428571,
  "n": 7
 },
 "1p|2": {
  "acc": 0.873015873015873,
  "n": 21
 },
 "1p|3": {
  "acc": 0.8181818181818182,
  "n": 11
 },
 "1p|4": {
  "acc": 0.8611111111111112,
  "n": 12
 },
 "1p|5": {
  "acc": 0.9583333333333334,
  "n": 4
 },
 "1p|6": {
  "acc": 0.5833333333333334,
  "n": 24
 },
 "1p|7": {
  "acc": 0.6111111111111112,
  "n": 3
 },
 "2i|1": {
  "acc": 0.9814814814814815,
  "n": 9
 },
 "2i|2": {
  "acc": 0.8796296296296297,
  "n": 18
 },
 "2i|3": {
  "acc": 0.8809523809523809,
  "n": 7
 },
 "2i|4": {
  "acc": 0.803030303030303,
  "n": 11
 },
 "2i|5": {
  "acc": 0.55,
  "n": 10
 },
 "2i|6": {
  "acc": 0.5833333333333334,
  "n": 10
 },
 "2i|7": {
  "acc": 0.5833333333333334,
  "n": 16
 },
 "3i|1": {
  "acc": 0.9545454545454546,
  "n": 11
 },
 "3i|2": {
  "acc": 0.9313725490196079,
  "n": 17
 },
 "3i|3": {
  "acc": 0.9259259259259259,
  "n": 9
 },
 "3i|4": {
  "acc": 0.8461538461538461,
  "n": 13
 },
 "3i|5": {
  "acc": 0.7666666666666667,
  "n": 5
 },
 "3i|6": {
  "acc": 0.5757575757575758,
  "n": 11
 },
 "3i|7": {
  "acc": 0.46875,
  "n": 16
 },
 "4i|1": {
  "acc": 0.9861111111111112,
  "n": 12
 },
 "4i|2": {
  "acc": 0.9791666666666666,
  "n": 16
 },
 "4i|3": {
  "acc": 0.8703703703703703,
  "n": 9
 },
 "4i|4": {
  "acc": 0.8472222222222222,
  "n": 12
 },
 "4i|5": {
  "acc": 1.0,
  "n": 5
 },
 "4i|6": {
  "acc": 0.9375,
  "n": 8
 },
 "4i|7": {
  "acc": 0.6388888888888888,
  "n": 18
 }
}