{
 "wamex": {
  "text2sql.anthropic45": {
   "run": "run_20260705_183345",
   "n": 500,
   "all": 0.7952324667650766,
   "tiers": {
    "easy": 0.7760764016396038,
    "medium": 0.8046860306844168,
    "hard": 0.8260459974868278,
    "expert": 0.7939050104528095
   }
  },
  "text2sql.gemini_flash": {
   "run": "run_20260705_183345",
   "n": 500,
   "all": 0.5247555732869476,
   "tiers": {
    "easy": 0.5069456877459828,
    "medium": 0.5244390509827119,
    "hard": 0.5263810460361621,
    "expert": 0.5416937725497077
   }
  },
  "text2sql.gpt41mini": {
   "run": "run_20260705_183345",
   "n": 500,
   "all": 0.8095309537615433,
   "tiers": {
    "easy": 0.8004938337558658,
    "medium": 0.8682882573319182,
    "hard": 0.7952873711924873,
    "expert": 0.7960697096706811
   }
  },
  "text2sql.gpt4omini": {
   "run": "run_20260705_183345",
   "n": 500,
   "all": 0.6379600992550679,
   "tiers": {
    "easy": 0.536752484346627,
    "medium": 0.5790025430462039,
    "hard": 0.6661935095675697,
    "expert": 0.7534097083280451
   }
  },
  "text2sql.haiku45": {
   "run": "run_20260705_183345",
   "n": 500,
   "all": 0.5929198113880277,
   "tiers": {
    "easy": 0.6230746093294498,
    "medium": 0.5516215906652516,
    "hard": 0.6381157399137132,
    "expert": 0.5611656250659977
   }
  },
  "text2sql.openai41": {
   "run": "run_20260705_183345",
   "n": 500,
   "all": 0.872905001801479,
   "tiers": {
    "easy": 0.8609708310991893,
    "medium": 0.92748137902504,
    "hard": 0.8697771671108546,
    "expert": 0.8588179394847791
   }
  }
 },
 "acywa": {
  "text2sql.anthropic45": {
   "run": "run_20260705_225610",
   "n": 500,
   "all": 0.4003160245602644,
   "tiers": {
    "easy": 0.5451780306486772,
    "medium": 0.40335794103910044,
    "hard": 0.32681897508053387,
    "expert": 0.3299594810647314
   }
  },
  "text2sql.gemini_flash": {
   "run": "run_20260706_092514",
   "n": 500,
   "all": 0.34115264069264073,
   "tiers": {
    "easy": 0.42065948236161005,
    "medium": 0.3680555555555556,
    "hard": 0.27546296296296297,
    "expert": 0.31536130536130536
   }
  },
  "text2sql.gpt41mini": {
   "run": "run_20260705_225610",
   "n": 500,
   "all": 0.6171154112554113,
   "tiers": {
    "easy": 0.8867888612569464,
    "medium": 0.6875,
    "hard": 0.48148148148148145,
    "expert": 0.45235764235764236
   }
  },
  "text2sql.gpt4omini": {
   "run": "run_20260705_225610",
   "n": 500,
   "all": 0.4575848113372535,
   "tiers": {
    "easy": 0.5762784609921535,
    "medium": 0.5166002264114392,
    "hard": 0.3640951020430544,
    "expert": 0.4049806410692982
   }
  },
  "text2sql.haiku45": {
   "run": "run_20260705_225610",
   "n": 500,
   "all": 0.33335138646544965,
   "tiers": {
    "easy": 0.3714740148217567,
    "medium": 0.36250000000000004,
    "hard": 0.3191550925925926,
    "expert": 0.2953812853812854
   }
  },
  "text2sql.openai41": {
   "run": "run_20260705_225610",
   "n": 500,
   "all": 0.6345939291049811,
   "tiers": {
    "easy": 0.9213328043115276,
    "medium": 0.6793641067538126,
    "hard": 0.49083566644707954,
    "expert": 0.47408732510427426
   }
  }
 }
}